D,-1,-1~0,0~1,1~
-0.309439,0,1,0,0
0.148621,0,0,1,0
2.058466,0,0,0,1
0.087478,0,0,1,0
0.925935,0,0,1,0
-0.841112,0,1,0,0
0.495004,0,0,1,0
-0.398821,0,1,0,0
0.860901,0,0,1,0
-1.865992,1,0,0,0
0.513330,0,0,1,0
1.806856,0,0,0,1
0.096384,0,0,1,0
-0.108956,0,1,0,0
-0.257011,0,1,0,0
0.899611,0,0,1,0
0.523339,0,0,1,0
-0.718749,0,1,0,0
0.802388,0,0,1,0
0.222267,0,0,1,0
-0.067747,0,1,0,0
0.014644,0,0,1,0
-0.072348,0,1,0,0
-0.848422,0,1,0,0
1.508555,0,0,0,1
-0.231905,0,1,0,0
-0.650366,0,1,0,0
0.747139,0,0,1,0
-0.611823,0,1,0,0
0.504343,0,0,1,0
-1.117692,1,0,0,0
1.653935,0,0,0,1
-0.166666,0,1,0,0
1.435252,0,0,0,1
0.107128,0,0,1,0
-0.288020,0,1,0,0
0.020171,0,0,1,0
0.732060,0,0,1,0
-0.856674,0,1,0,0
0.036387,0,0,1,0
0.153483,0,0,1,0
0.362384,0,0,1,0
-1.134687,1,0,0,0
-1.559694,1,0,0,0
0.687047,0,0,1,0
1.153294,0,0,0,1
-0.597449,0,1,0,0
0.737940,0,0,1,0
-1.129155,1,0,0,0
-1.181621,1,0,0,0
0.357300,0,0,1,0
1.779749,0,0,0,1
-0.248629,0,1,0,0
1.075211,0,0,0,1
0.460193,0,0,1,0
0.414844,0,0,1,0
-0.170651,0,1,0,0
-0.114710,0,1,0,0
1.130432,0,0,0,1
0.197005,0,0,1,0
0.573388,0,0,1,0
0.262295,0,0,1,0
0.056846,0,0,1,0
0.135855,0,0,1,0
-1.776003,1,0,0,0
-0.802653,0,1,0,0
-1.194711,1,0,0,0
0.708427,0,0,1,0
0.924597,0,0,1,0
1.223074,0,0,0,1
-2.433045,1,0,0,0
0.892454,0,0,1,0
1.016819,0,0,0,1
-1.764042,1,0,0,0
0.192012,0,0,1,0
0.611006,0,0,1,0
-1.464848,1,0,0,0
-1.724589,1,0,0,0
-6.182103,1,0,0,0
-10.553930,1,0,0,0
5.677639,0,0,0,1
-1.441102,1,0,0,0
2.723297,0,0,0,1
4.361695,0,0,0,1
-1.653261,1,0,0,0
-0.153024,0,1,0,0
1.071754,0,0,0,1
-0.604015,0,1,0,0
-0.205203,0,1,0,0
2.639897,0,0,0,1
0.476986,0,0,1,0
-0.478826,0,1,0,0
0.108154,0,0,1,0
-1.063289,1,0,0,0
-0.324263,0,1,0,0
0.068440,0,0,1,0
1.847062,0,0,0,1
-0.495285,0,1,0,0
-1.691826,1,0,0,0
0.899190,0,0,1,0
0.132144,0,0,1,0
-0.646374,0,1,0,0
-0.363541,0,1,0,0
-1.209839,1,0,0,0
1.756059,0,0,0,1
0.821804,0,0,1,0
-0.036751,0,1,0,0
-0.105864,0,1,0,0
-1.171112,1,0,0,0
1.392967,0,0,0,1
1.629210,0,0,0,1
1.568163,0,0,0,1
-1.449391,1,0,0,0
-0.657460,0,1,0,0
0.248917,0,0,1,0
0.463399,0,0,1,0
-1.496406,1,0,0,0
-0.698604,0,1,0,0
-0.937630,0,1,0,0
0.091227,0,0,1,0
0.993628,0,0,1,0
-0.427028,0,1,0,0
-0.142818,0,1,0,0
-1.524399,1,0,0,0
0.174830,0,0,1,0
-0.572851,0,1,0,0
1.476936,0,0,0,1
-0.419464,0,1,0,0
-0.178227,0,1,0,0
1.985916,0,0,0,1
0.266975,0,0,1,0
-1.693178,1,0,0,0
-0.657560,0,1,0,0
-1.178444,1,0,0,0
0.667359,0,0,1,0
0.068938,0,0,1,0
0.187211,0,0,1,0
0.499517,0,0,1,0
-0.696105,0,1,0,0
1.053957,0,0,0,1
0.277868,0,0,1,0
-1.702889,1,0,0,0
-0.636256,0,1,0,0
0.031224,0,0,1,0
1.126109,0,0,0,1
1.794668,0,0,0,1
-0.339474,0,1,0,0
0.854141,0,0,1,0
-1.037332,1,0,0,0
0.737822,0,0,1,0
1.536735,0,0,0,1
0.192197,0,0,1,0
0.529544,0,0,1,0
0.983166,0,0,1,0
0.073959,0,0,1,0
1.103243,0,0,0,1
-0.112480,0,1,0,0
0.661204,0,0,1,0
-0.672736,0,1,0,0
-1.426187,1,0,0,0
0.374975,0,0,1,0
-0.271195,0,1,0,0
0.385962,0,0,1,0
-0.849669,0,1,0,0
1.174762,0,0,0,1
0.044866,0,0,1,0
1.215944,0,0,0,1
-0.810301,0,1,0,0
0.474726,0,0,1,0
-0.500403,0,1,0,0
-1.451558,1,0,0,0
-0.690000,0,1,0,0
1.342206,0,0,0,1
-1.208428,1,0,0,0
-2.107251,1,0,0,0
0.228699,0,0,1,0
-3.719776,1,0,0,0
-2.175515,1,0,0,0
-1.682639,1,0,0,0
1.053832,0,0,0,1
-0.628404,0,1,0,0
-0.202859,0,1,0,0
1.368745,0,0,0,1
0.231329,0,0,1,0
-0.550868,0,1,0,0
-1.253138,1,0,0,0
-2.510348,1,0,0,0
-1.044935,1,0,0,0
1.215558,0,0,0,1
-1.069499,1,0,0,0
1.536528,0,0,0,1
0.289773,0,0,1,0
0.608896,0,0,1,0
1.158589,0,0,0,1
0.014517,0,0,1,0
1.179199,0,0,0,1
-1.214678,1,0,0,0
-1.857726,1,0,0,0
-2.207189,1,0,0,0
2.011972,0,0,0,1
0.339023,0,0,1,0
-0.630720,0,1,0,0
-2.311720,1,0,0,0
0.947552,0,0,1,0
-1.137108,1,0,0,0
1.764264,0,0,0,1
2.252889,0,0,0,1
-1.612335,1,0,0,0
0.228407,0,0,1,0
-2.069524,1,0,0,0
-2.174349,1,0,0,0
2.816057,0,0,0,1
0.066205,0,0,1,0
0.993310,0,0,1,0
-0.010808,0,1,0,0
-1.779361,1,0,0,0
-1.045703,1,0,0,0
-0.864932,0,1,0,0
1.658587,0,0,0,1
0.980995,0,0,1,0
1.952905,0,0,0,1
-0.396405,0,1,0,0
0.965220,0,0,1,0
-0.853314,0,1,0,0
1.504804,0,0,0,1
-1.550627,1,0,0,0
0.350380,0,0,1,0
-1.030370,1,0,0,0
-0.037557,0,1,0,0
1.902211,0,0,0,1
-0.923463,0,1,0,0
-0.157947,0,1,0,0
2.035445,0,0,0,1
1.388328,0,0,0,1
-0.685932,0,1,0,0
-1.700751,1,0,0,0
-2.208128,1,0,0,0
1.863109,0,0,0,1
-0.389831,0,1,0,0
-1.272715,1,0,0,0
1.154532,0,0,0,1
-2.908370,1,0,0,0
0.160807,0,0,1,0
1.047986,0,0,0,1
-0.717953,0,1,0,0
-0.922151,0,1,0,0
0.194605,0,0,1,0
-1.234956,1,0,0,0
-0.318100,0,1,0,0
-0.401632,0,1,0,0
-1.798734,1,0,0,0
-0.063323,0,1,0,0
1.562259,0,0,0,1
2.296595,0,0,0,1
-0.509682,0,1,0,0
1.929781,0,0,0,1
0.539352,0,0,1,0
0.604257,0,0,1,0
-1.389381,1,0,0,0
1.714368,0,0,0,1
-0.660270,0,1,0,0
-1.478665,1,0,0,0
1.374813,0,0,0,1
-1.167239,1,0,0,0
-0.393785,0,1,0,0
-1.664017,1,0,0,0
0.290659,0,0,1,0
-1.256881,1,0,0,0
0.486497,0,0,1,0
1.481441,0,0,0,1
-0.766199,0,1,0,0
1.002717,0,0,0,1
-0.457350,0,1,0,0
-0.200691,0,1,0,0
-0.293585,0,1,0,0
0.672231,0,0,1,0
1.238988,0,0,0,1
-0.834106,0,1,0,0
-1.158720,1,0,0,0
0.380320,0,0,1,0
0.304195,0,0,1,0
-0.737345,0,1,0,0
1.364599,0,0,0,1
-1.431281,1,0,0,0
1.050803,0,0,0,1
0.994280,0,0,1,0
1.042030,0,0,0,1
1.466266,0,0,0,1
-0.005247,0,1,0,0
0.221651,0,0,1,0
1.119598,0,0,0,1
-0.385208,0,1,0,0
-0.093226,0,1,0,0
-0.544833,0,1,0,0
0.107585,0,0,1,0
0.082707,0,0,1,0
0.760861,0,0,1,0
-0.505706,0,1,0,0
1.101351,0,0,0,1
-0.130814,0,1,0,0
1.099749,0,0,0,1
-0.148073,0,1,0,0
-0.611740,0,1,0,0
0.581299,0,0,1,0
0.587727,0,0,1,0
2.300794,0,0,0,1
-0.240167,0,1,0,0
1.581173,0,0,0,1
1.075427,0,0,0,1
-0.232684,0,1,0,0
0.961432,0,0,1,0
0.435109,0,0,1,0
0.539932,0,0,1,0
-0.139418,0,1,0,0
0.919561,0,0,1,0
0.007413,0,0,1,0
-0.163218,0,1,0,0
0.717601,0,0,1,0
-0.802293,0,1,0,0
-0.628545,0,1,0,0
-0.638853,0,1,0,0
2.014403,0,0,0,1
1.645828,0,0,0,1
-0.401621,0,1,0,0
0.093224,0,0,1,0
1.529834,0,0,0,1
0.723950,0,0,1,0
0.064700,0,0,1,0
0.120043,0,0,1,0
-0.547230,0,1,0,0
0.402418,0,0,1,0
-1.141596,1,0,0,0
0.067628,0,0,1,0
2.364788,0,0,0,1
-0.707743,0,1,0,0
-0.665650,0,1,0,0
-0.308760,0,1,0,0
0.260925,0,0,1,0
-0.588341,0,1,0,0
-2.292443,1,0,0,0
-0.533401,0,1,0,0
-0.810435,0,1,0,0
-1.467628,1,0,0,0
-0.086319,0,1,0,0
-0.831192,0,1,0,0
0.698294,0,0,1,0
1.188480,0,0,0,1
-1.736364,1,0,0,0
-0.062611,0,1,0,0
2.140053,0,0,0,1
-0.815949,0,1,0,0
-0.281795,0,1,0,0
-0.200708,0,1,0,0
-0.776866,0,1,0,0
0.981932,0,0,1,0
0.008580,0,0,1,0
-0.428165,0,1,0,0
-1.784911,1,0,0,0
0.313335,0,0,1,0
-2.783618,1,0,0,0
0.685489,0,0,1,0
-1.487650,1,0,0,0
-0.391475,0,1,0,0
-0.625339,0,1,0,0
0.229304,0,0,1,0
-0.814586,0,1,0,0
-1.118675,1,0,0,0
0.856931,0,0,1,0
-2.988538,1,0,0,0
0.262214,0,0,1,0
1.104953,0,0,0,1
-1.978287,1,0,0,0
0.079240,0,0,1,0
0.198634,0,0,1,0
0.148720,0,0,1,0
0.743961,0,0,1,0
-0.275955,0,1,0,0
-1.047816,1,0,0,0
-1.199622,1,0,0,0
-1.713458,1,0,0,0
1.041152,0,0,0,1
1.807806,0,0,0,1
1.244379,0,0,0,1
-2.088725,1,0,0,0
1.958098,0,0,0,1
-1.022396,1,0,0,0
0.598826,0,0,1,0
-0.220663,0,1,0,0
0.005026,0,0,1,0
1.770260,0,0,0,1
-0.747039,0,1,0,0
1.114151,0,0,0,1
0.819906,0,0,1,0
-0.291483,0,1,0,0
-0.724335,0,1,0,0
-0.808620,0,1,0,0
0.767545,0,0,1,0
1.645041,0,0,0,1
1.495022,0,0,0,1
-0.036637,0,1,0,0
0.700944,0,0,1,0
0.414490,0,0,1,0
-0.267681,0,1,0,0
-0.650343,0,1,0,0
-1.373169,1,0,0,0
-0.440035,0,1,0,0
-0.075984,0,1,0,0
-1.479948,1,0,0,0
0.047137,0,0,1,0
0.353960,0,0,1,0
-0.322784,0,1,0,0
0.788491,0,0,1,0
-1.428901,1,0,0,0
-1.863347,1,0,0,0
-0.237773,0,1,0,0
-1.439540,1,0,0,0
0.922784,0,0,1,0
1.463207,0,0,0,1
0.803125,0,0,1,0
0.690401,0,0,1,0
-0.611956,0,1,0,0
0.131107,0,0,1,0
-1.133333,1,0,0,0
2.000906,0,0,0,1
0.882615,0,0,1,0
0.884333,0,0,1,0
1.097148,0,0,0,1
-0.970744,0,1,0,0
-0.070743,0,1,0,0
0.503419,0,0,1,0
-0.054198,0,1,0,0
1.879204,0,0,0,1
0.766986,0,0,1,0
0.094517,0,0,1,0
-0.155272,0,1,0,0
-0.274980,0,1,0,0
0.507898,0,0,1,0
-1.169742,1,0,0,0
0.161286,0,0,1,0
-0.573444,0,1,0,0
0.404277,0,0,1,0
-0.948524,0,1,0,0
-1.601443,1,0,0,0
-0.633723,0,1,0,0
-0.095401,0,1,0,0
-1.090415,1,0,0,0
0.008641,0,0,1,0
2.201239,0,0,0,1
-0.025703,0,1,0,0
-0.698925,0,1,0,0
1.732412,0,0,0,1
0.392752,0,0,1,0
1.825864,0,0,0,1
-0.388892,0,1,0,0
1.188549,0,0,0,1
-1.573074,1,0,0,0
0.253324,0,0,1,0
-0.446871,0,1,0,0
0.245333,0,0,1,0
-2.033097,1,0,0,0
0.484690,0,0,1,0
-0.890627,0,1,0,0
-0.830316,0,1,0,0
-0.118910,0,1,0,0
-0.445931,0,1,0,0
0.888543,0,0,1,0
0.438660,0,0,1,0
-1.057281,1,0,0,0
-1.976824,1,0,0,0
-0.575254,0,1,0,0
-0.148128,0,1,0,0
0.513346,0,0,1,0
1.438341,0,0,0,1
1.209476,0,0,0,1
2.002039,0,0,0,1
0.220635,0,0,1,0
0.089199,0,0,1,0
0.039287,0,0,1,0
-0.665060,0,1,0,0
1.126837,0,0,0,1
-1.348845,1,0,0,0
-0.041640,0,1,0,0
-0.978341,0,1,0,0
0.976134,0,0,1,0
0.208103,0,0,1,0
1.166325,0,0,0,1
-0.483684,0,1,0,0
-0.358482,0,1,0,0
-0.025189,0,1,0,0
-1.512771,1,0,0,0
-0.900186,0,1,0,0
-0.926729,0,1,0,0
-0.177384,0,1,0,0
0.042497,0,0,1,0
1.904148,0,0,0,1
2.202113,0,0,0,1
1.429940,0,0,0,1
-0.115375,0,1,0,0
0.873707,0,0,1,0
1.564434,0,0,0,1
0.236373,0,0,1,0
0.365956,0,0,1,0
-1.219851,1,0,0,0
0.994057,0,0,1,0
0.480060,0,0,1,0
0.128837,0,0,1,0
-0.271931,0,1,0,0
0.385688,0,0,1,0
0.806015,0,0,1,0
-0.186173,0,1,0,0
0.066759,0,0,1,0
-0.088419,0,1,0,0
0.589373,0,0,1,0
1.683152,0,0,0,1
-0.053074,0,1,0,0
0.937815,0,0,1,0
0.957687,0,0,1,0
2.392325,0,0,0,1
-1.191590,1,0,0,0
-0.988816,0,1,0,0
1.409051,0,0,0,1
1.490461,0,0,0,1
0.905346,0,0,1,0
0.699403,0,0,1,0
2.817947,0,0,0,1
-0.833642,0,1,0,0
-0.858101,0,1,0,0
0.671016,0,0,1,0
0.700183,0,0,1,0
1.398063,0,0,0,1
0.717579,0,0,1,0
-2.561243,1,0,0,0
0.086781,0,0,1,0
2.862116,0,0,0,1
-1.517044,1,0,0,0
-0.351800,0,1,0,0
-2.081615,1,0,0,0
1.276628,0,0,0,1
2.879051,0,0,0,1
-0.936617,0,1,0,0
0.391805,0,0,1,0
2.275116,0,0,0,1
0.222333,0,0,1,0
0.472945,0,0,1,0
0.616635,0,0,1,0
-1.895409,1,0,0,0
3.773270,0,0,0,1
-0.930583,0,1,0,0
-1.795447,1,0,0,0
1.936312,0,0,0,1
-1.035348,1,0,0,0
0.496561,0,0,1,0
-1.180215,1,0,0,0
2.094537,0,0,0,1
-0.311454,0,1,0,0
0.843630,0,0,1,0
-1.387744,1,0,0,0
0.679191,0,0,1,0
2.429128,0,0,0,1
-2.261175,1,0,0,0
-1.270658,1,0,0,0
2.713626,0,0,0,1
0.406766,0,0,1,0
0.395560,0,0,1,0
0.267417,0,0,1,0
2.129673,0,0,0,1
0.300115,0,0,1,0
2.636513,0,0,0,1
0.532658,0,0,1,0
-0.277270,0,1,0,0
-0.610236,0,1,0,0
1.156325,0,0,0,1
1.451878,0,0,0,1
-2.709352,1,0,0,0
2.026087,0,0,0,1
1.343093,0,0,0,1
-2.351752,1,0,0,0
1.685206,0,0,0,1
-0.596502,0,1,0,0
0.177763,0,0,1,0
-1.263268,1,0,0,0
0.502192,0,0,1,0
-2.120443,1,0,0,0
-1.084381,1,0,0,0
2.988900,0,0,0,1
2.203005,0,0,0,1
1.575836,0,0,0,1
2.796948,0,0,0,1
-0.001821,0,1,0,0
0.726029,0,0,1,0
1.964387,0,0,0,1
-0.472505,0,1,0,0
-1.553410,1,0,0,0
-0.408415,0,1,0,0
1.221117,0,0,0,1
-1.216623,1,0,0,0
0.729271,0,0,1,0
1.891563,0,0,0,1
-0.285368,0,1,0,0
2.319421,0,0,0,1
0.596817,0,0,1,0
-0.301235,0,1,0,0
-0.167598,0,1,0,0
-0.443773,0,1,0,0
-0.763149,0,1,0,0
3.550451,0,0,0,1
0.743642,0,0,1,0
-0.659471,0,1,0,0
2.931756,0,0,0,1
1.195752,0,0,0,1
-0.160937,0,1,0,0
2.287578,0,0,0,1
-0.389440,0,1,0,0
0.670867,0,0,1,0
1.471051,0,0,0,1
0.131568,0,0,1,0
1.600936,0,0,0,1
-7.315929,1,0,0,0
0.886978,0,0,1,0
-3.215065,1,0,0,0
1.197301,0,0,0,1
0.101170,0,0,1,0
-5.147327,1,0,0,0
1.365144,0,0,0,1
-3.722228,1,0,0,0
2.050544,0,0,0,1
-3.834039,1,0,0,0
-0.851723,0,1,0,0
-0.205279,0,1,0,0
4.944037,0,0,0,1
-1.454619,1,0,0,0
-0.212499,0,1,0,0
-6.350516,1,0,0,0
1.937584,0,0,0,1
2.732038,0,0,0,1
-0.198263,0,1,0,0
1.829279,0,0,0,1
-1.741305,1,0,0,0
1.656218,0,0,0,1
-1.264913,1,0,0,0
-0.715318,0,1,0,0
-1.043462,1,0,0,0
2.957299,0,0,0,1
3.509810,0,0,0,1
1.280804,0,0,0,1
1.777587,0,0,0,1
-0.306273,0,1,0,0
-0.260608,0,1,0,0
2.076050,0,0,0,1
-1.402029,1,0,0,0
2.576737,0,0,0,1
-0.389008,0,1,0,0
0.388306,0,0,1,0
0.232646,0,0,1,0
0.640208,0,0,1,0
0.109047,0,0,1,0
1.323705,0,0,0,1
-1.476111,1,0,0,0
0.466966,0,0,1,0
0.821868,0,0,1,0
-0.319582,0,1,0,0
-1.142810,1,0,0,0
-2.972954,1,0,0,0
-3.318126,1,0,0,0
1.527622,0,0,0,1
-1.452795,1,0,0,0
2.468842,0,0,0,1
3.287150,0,0,0,1
-1.438669,1,0,0,0
1.003080,0,0,0,1
-4.000533,1,0,0,0
-1.586849,1,0,0,0
0.070786,0,0,1,0
-0.703338,0,1,0,0
2.570895,0,0,0,1
1.320835,0,0,0,1
-2.115419,1,0,0,0
-0.747695,0,1,0,0
0.791345,0,0,1,0
-2.629354,1,0,0,0
0.208640,0,0,1,0
-0.440694,0,1,0,0
2.210072,0,0,0,1
-0.177661,0,1,0,0
-0.688679,0,1,0,0
-1.505720,1,0,0,0
0.909025,0,0,1,0
-0.526383,0,1,0,0
1.374722,0,0,0,1
2.987718,0,0,0,1
0.539614,0,0,1,0
0.077916,0,0,1,0
-1.450504,1,0,0,0
2.484854,0,0,0,1
1.535560,0,0,0,1
0.011855,0,0,1,0
-0.262049,0,1,0,0
0.120943,0,0,1,0
-0.645624,0,1,0,0
1.353374,0,0,0,1
1.798089,0,0,0,1
-0.160907,0,1,0,0
-0.066540,0,1,0,0
-0.760762,0,1,0,0
1.221500,0,0,0,1
-0.263866,0,1,0,0
-2.061443,1,0,0,0
0.200058,0,0,1,0
-2.169386,1,0,0,0
-0.093435,0,1,0,0
-0.939027,0,1,0,0
-1.219235,1,0,0,0
0.298052,0,0,1,0
1.030828,0,0,0,1
1.117480,0,0,0,1
1.479638,0,0,0,1
0.255470,0,0,1,0
0.177264,0,0,1,0
0.825112,0,0,1,0
-0.171184,0,1,0,0
0.906705,0,0,1,0
0.133934,0,0,1,0
-1.951983,1,0,0,0
0.418412,0,0,1,0
-2.748919,1,0,0,0
2.185161,0,0,0,1
-0.486659,0,1,0,0
1.231114,0,0,0,1
-1.202627,1,0,0,0
-0.881984,0,1,0,0
0.167586,0,0,1,0
0.786900,0,0,1,0
-0.759341,0,1,0,0
-0.995475,0,1,0,0
1.299373,0,0,0,1
2.234362,0,0,0,1
-0.147508,0,1,0,0
2.122926,0,0,0,1
1.946100,0,0,0,1
-0.010683,0,1,0,0
-0.248876,0,1,0,0
-0.333714,0,1,0,0
1.920390,0,0,0,1
0.104910,0,0,1,0
1.543457,0,0,0,1
-0.665144,0,1,0,0
-0.422877,0,1,0,0
1.796096,0,0,0,1
-0.414888,0,1,0,0
-0.043416,0,1,0,0
0.604212,0,0,1,0
-2.169696,1,0,0,0
-1.495659,1,0,0,0
0.806261,0,0,1,0
2.289888,0,0,0,1
-0.248561,0,1,0,0
-0.616540,0,1,0,0
-1.116588,1,0,0,0
0.399497,0,0,1,0
-1.624349,1,0,0,0
0.829674,0,0,1,0
2.023545,0,0,0,1
1.741233,0,0,0,1
0.070623,0,0,1,0
0.119153,0,0,1,0
0.759378,0,0,1,0
1.027172,0,0,0,1
0.027822,0,0,1,0
0.694540,0,0,1,0
-2.347446,1,0,0,0
-0.594069,0,1,0,0
1.941779,0,0,0,1
-1.495648,1,0,0,0
0.199804,0,0,1,0
-3.077283,1,0,0,0
2.504993,0,0,0,1
-0.389217,0,1,0,0
-0.080905,0,1,0,0
-0.589663,0,1,0,0
0.986341,0,0,1,0
0.158268,0,0,1,0
-0.790536,0,1,0,0
-1.938916,1,0,0,0
-2.506758,1,0,0,0
-0.170404,0,1,0,0
2.695232,0,0,0,1
-2.449641,1,0,0,0
-0.616572,0,1,0,0
-1.980621,1,0,0,0
-4.177131,1,0,0,0
1.227187,0,0,0,1
-0.178132,0,1,0,0
2.170876,0,0,0,1
1.769620,0,0,0,1
0.555224,0,0,1,0
-1.792691,1,0,0,0
-1.525380,1,0,0,0
0.559491,0,0,1,0
3.127398,0,0,0,1
-0.516801,0,1,0,0
-2.149121,1,0,0,0
2.882449,0,0,0,1
-0.188288,0,1,0,0
1.441734,0,0,0,1
-0.535690,0,1,0,0
-0.319681,0,1,0,0
-0.549752,0,1,0,0
-1.272414,1,0,0,0
0.472624,0,0,1,0
1.196547,0,0,0,1
1.591663,0,0,0,1
0.920533,0,0,1,0
-1.007791,1,0,0,0
0.687631,0,0,1,0
-2.586166,1,0,0,0
-0.097160,0,1,0,0
-3.295903,1,0,0,0
-0.348907,0,1,0,0
0.935724,0,0,1,0
0.355624,0,0,1,0
-1.647632,1,0,0,0
1.765082,0,0,0,1
-0.359988,0,1,0,0
0.374187,0,0,1,0
1.006617,0,0,0,1
0.500179,0,0,1,0
0.896840,0,0,1,0
-0.241707,0,1,0,0
1.043335,0,0,0,1
0.840070,0,0,1,0
-0.053811,0,1,0,0
-1.692272,1,0,0,0
-1.363845,1,0,0,0
-2.103046,1,0,0,0
0.003005,0,0,1,0
-2.378094,1,0,0,0
-0.357374,0,1,0,0
0.622922,0,0,1,0
3.006900,0,0,0,1
-0.001036,0,1,0,0
0.684856,0,0,1,0
-0.026795,0,1,0,0
-0.851758,0,1,0,0
1.094604,0,0,0,1
-0.971241,0,1,0,0
0.168480,0,0,1,0
-0.977384,0,1,0,0
0.111140,0,0,1,0
1.265507,0,0,0,1
-0.190679,0,1,0,0
-2.933144,1,0,0,0
0.928710,0,0,1,0
0.252825,0,0,1,0
-0.352618,0,1,0,0
1.950037,0,0,0,1
-0.136430,0,1,0,0
-0.746575,0,1,0,0
-1.410107,1,0,0,0
-0.639512,0,1,0,0
0.491271,0,0,1,0
-0.235023,0,1,0,0
2.105231,0,0,0,1
0.867497,0,0,1,0
0.970460,0,0,1,0
0.232837,0,0,1,0
0.235238,0,0,1,0
0.073407,0,0,1,0
-0.336063,0,1,0,0
2.074441,0,0,0,1
0.658346,0,0,1,0
0.224221,0,0,1,0
0.075725,0,0,1,0
-0.014124,0,1,0,0
0.310135,0,0,1,0
-0.854273,0,1,0,0
0.498044,0,0,1,0
-0.636719,0,1,0,0
0.830195,0,0,1,0
-1.089890,1,0,0,0
0.285802,0,0,1,0
0.933696,0,0,1,0
1.623205,0,0,0,1
-0.076428,0,1,0,0
0.129388,0,0,1,0
0.045285,0,0,1,0
-0.712982,0,1,0,0
0.274323,0,0,1,0
-1.394587,1,0,0,0
0.444515,0,0,1,0
1.082308,0,0,0,1
0.285586,0,0,1,0
-0.141052,0,1,0,0
0.578826,0,0,1,0
-0.373706,0,1,0,0
-0.422839,0,1,0,0
-0.076789,0,1,0,0
-0.563175,0,1,0,0
-0.344559,0,1,0,0
0.875626,0,0,1,0
0.642878,0,0,1,0
-0.103022,0,1,0,0
-0.058781,0,1,0,0
-1.005512,1,0,0,0
0.838412,0,0,1,0
-0.095942,0,1,0,0
-0.287957,0,1,0,0
1.134817,0,0,0,1
0.462743,0,0,1,0
0.570981,0,0,1,0
0.180305,0,0,1,0
-0.162729,0,1,0,0
-0.625188,0,1,0,0
-0.313148,0,1,0,0
-0.996416,0,1,0,0
-1.047756,1,0,0,0
0.478767,0,0,1,0
-2.980495,1,0,0,0
2.382870,0,0,0,1
0.203496,0,0,1,0
0.345091,0,0,1,0
0.663487,0,0,1,0
0.024614,0,0,1,0
0.027808,0,0,1,0
0.830084,0,0,1,0
0.030163,0,0,1,0
0.852505,0,0,1,0
-0.301611,0,1,0,0
0.476599,0,0,1,0
-0.589437,0,1,0,0
0.087626,0,0,1,0
-0.482529,0,1,0,0
-0.228142,0,1,0,0
0.337187,0,0,1,0
1.240583,0,0,0,1
0.381336,0,0,1,0
-0.331694,0,1,0,0
-0.047843,0,1,0,0
0.232506,0,0,1,0
0.280419,0,0,1,0
0.251632,0,0,1,0
0.762693,0,0,1,0
0.245706,0,0,1,0
-0.230493,0,1,0,0
-0.143672,0,1,0,0
1.125962,0,0,0,1
1.578332,0,0,0,1
-0.706258,0,1,0,0
-0.237260,0,1,0,0
1.278430,0,0,0,1
-0.881141,0,1,0,0
0.497720,0,0,1,0
-0.840679,0,1,0,0
-0.564315,0,1,0,0
-2.613190,1,0,0,0
0.297920,0,0,1,0
1.160506,0,0,0,1
-0.674095,0,1,0,0
-1.190140,1,0,0,0
-0.750519,0,1,0,0
-1.152405,1,0,0,0
-2.379261,1,0,0,0
0.917281,0,0,1,0
-2.223367,1,0,0,0
-1.396830,1,0,0,0
3.982249,0,0,0,1
-2.031272,1,0,0,0
2.644433,0,0,0,1
-0.373851,0,1,0,0
1.008522,0,0,0,1
0.634857,0,0,1,0
-0.382160,0,1,0,0
1.461196,0,0,0,1
0.670507,0,0,1,0
4.825328,0,0,0,1
2.733749,0,0,0,1
0.443883,0,0,1,0
-0.855152,0,1,0,0
0.523451,0,0,1,0
-0.591524,0,1,0,0
2.047492,0,0,0,1
0.425957,0,0,1,0
1.138208,0,0,0,1
0.563688,0,0,1,0
-2.956002,1,0,0,0
2.181360,0,0,0,1
-0.318902,0,1,0,0
0.070042,0,0,1,0
0.327443,0,0,1,0
0.288690,0,0,1,0
-0.138095,0,1,0,0
-0.777056,0,1,0,0
1.225322,0,0,0,1
0.745997,0,0,1,0
0.415695,0,0,1,0
0.323888,0,0,1,0
0.941181,0,0,1,0
0.185821,0,0,1,0
0.084771,0,0,1,0
-0.681658,0,1,0,0
-2.249998,1,0,0,0
-0.891193,0,1,0,0
0.661627,0,0,1,0
-1.566810,1,0,0,0
-2.012235,1,0,0,0
0.384416,0,0,1,0
2.320610,0,0,0,1
2.390171,0,0,0,1
0.077975,0,0,1,0
1.242348,0,0,0,1
-0.254732,0,1,0,0
0.057337,0,0,1,0
-0.500148,0,1,0,0
-1.574015,1,0,0,0
-0.241013,0,1,0,0
-3.018727,1,0,0,0
0.012679,0,0,1,0
1.668724,0,0,0,1
0.178428,0,0,1,0
-0.639733,0,1,0,0
-1.707367,1,0,0,0
1.861985,0,0,0,1
-1.429326,1,0,0,0
0.890225,0,0,1,0
2.068918,0,0,0,1
-0.494177,0,1,0,0
0.280890,0,0,1,0
1.054477,0,0,0,1
-0.246865,0,1,0,0
1.716123,0,0,0,1
0.154374,0,0,1,0
-1.064917,1,0,0,0
0.387192,0,0,1,0
-0.658306,0,1,0,0
-1.265457,1,0,0,0
1.977928,0,0,0,1
-0.984918,0,1,0,0
0.821959,0,0,1,0
0.359406,0,0,1,0
-0.334520,0,1,0,0
1.852642,0,0,0,1
-0.369090,0,1,0,0
0.510290,0,0,1,0
-0.098194,0,1,0,0
1.179068,0,0,0,1
0.360561,0,0,1,0
0.369628,0,0,1,0
0.734328,0,0,1,0
0.739487,0,0,1,0
-0.098268,0,1,0,0
1.079299,0,0,0,1
0.064679,0,0,1,0
0.153961,0,0,1,0
-0.062255,0,1,0,0
-0.592929,0,1,0,0
0.257920,0,0,1,0
1.168739,0,0,0,1
-0.951185,0,1,0,0
-0.667577,0,1,0,0
0.312938,0,0,1,0
1.429164,0,0,0,1
1.385599,0,0,0,1
-0.042533,0,1,0,0
0.992096,0,0,1,0
0.552968,0,0,1,0
-0.347515,0,1,0,0
0.429543,0,0,1,0
0.992518,0,0,1,0
-0.207094,0,1,0,0
0.166130,0,0,1,0
-1.393079,1,0,0,0
-0.952633,0,1,0,0
0.652141,0,0,1,0
-1.053042,1,0,0,0
-0.896290,0,1,0,0
1.460213,0,0,0,1
0.633213,0,0,1,0
-0.190890,0,1,0,0
1.250432,0,0,0,1
0.760017,0,0,1,0
0.747406,0,0,1,0
-0.150919,0,1,0,0
-0.010900,0,1,0,0
0.016170,0,0,1,0
-0.195492,0,1,0,0
0.080574,0,0,1,0
-1.171132,1,0,0,0
-0.093577,0,1,0,0
1.398557,0,0,0,1
1.129185,0,0,0,1
0.266963,0,0,1,0
-0.830267,0,1,0,0
-0.183410,0,1,0,0
0.378460,0,0,1,0
-2.686778,1,0,0,0
0.059534,0,0,1,0
-1.226936,1,0,0,0
0.451997,0,0,1,0
1.247321,0,0,0,1
0.020028,0,0,1,0
0.712775,0,0,1,0
-0.983978,0,1,0,0
0.831261,0,0,1,0
0.797396,0,0,1,0
0.684311,0,0,1,0
0.849778,0,0,1,0
0.031236,0,0,1,0
0.304615,0,0,1,0
0.737053,0,0,1,0
0.116152,0,0,1,0
0.171741,0,0,1,0
0.385300,0,0,1,0
0.056879,0,0,1,0
0.032674,0,0,1,0
-0.129703,0,1,0,0
-0.339186,0,1,0,0
0.071701,0,0,1,0
-0.133194,0,1,0,0
-0.018137,0,1,0,0
-1.764117,1,0,0,0
-0.248510,0,1,0,0
1.679164,0,0,0,1
0.118282,0,0,1,0
-0.094531,0,1,0,0
-0.636899,0,1,0,0
-0.190888,0,1,0,0
-1.129859,1,0,0,0
0.917521,0,0,1,0
1.258780,0,0,0,1
1.866198,0,0,0,1
0.281648,0,0,1,0
-0.463048,0,1,0,0
-0.314134,0,1,0,0
-2.879343,1,0,0,0
0.625468,0,0,1,0
0.462498,0,0,1,0
0.950252,0,0,1,0
0.084244,0,0,1,0
-2.082153,1,0,0,0
1.314982,0,0,0,1
-3.135702,1,0,0,0
0.597130,0,0,1,0
-0.381103,0,1,0,0
1.566947,0,0,0,1
1.471199,0,0,0,1
0.382628,0,0,1,0
0.668459,0,0,1,0
0.246604,0,0,1,0
0.925144,0,0,1,0
-1.191350,1,0,0,0
0.438384,0,0,1,0
-0.674049,0,1,0,0
-0.946382,0,1,0,0
-0.104221,0,1,0,0
-0.127801,0,1,0,0
1.083194,0,0,0,1
0.304101,0,0,1,0
-0.180376,0,1,0,0
-0.135049,0,1,0,0
0.456625,0,0,1,0
0.244391,0,0,1,0
0.290940,0,0,1,0
0.405938,0,0,1,0
-0.422609,0,1,0,0
-1.582860,1,0,0,0
0.994378,0,0,1,0
-0.369505,0,1,0,0
0.491293,0,0,1,0
-0.319051,0,1,0,0
-1.614441,1,0,0,0
-0.935147,0,1,0,0
-2.983447,1,0,0,0
-4.605671,1,0,0,0
-3.958757,1,0,0,0
3.201777,0,0,0,1
1.075318,0,0,0,1
3.025022,0,0,0,1
-1.284677,1,0,0,0
-3.836806,1,0,0,0
-0.386933,0,1,0,0
0.480731,0,0,1,0
-2.146200,1,0,0,0
0.383936,0,0,1,0
-2.426535,1,0,0,0
7.708863,0,0,0,1
-2.508673,1,0,0,0
-0.193438,0,1,0,0
-1.634461,1,0,0,0
0.338318,0,0,1,0
0.805033,0,0,1,0
1.434491,0,0,0,1
-1.964265,1,0,0,0
-2.758025,1,0,0,0
1.756674,0,0,0,1
-1.316519,1,0,0,0
-4.047975,1,0,0,0
2.701051,0,0,0,1
1.922398,0,0,0,1
0.015297,0,0,1,0
1.581706,0,0,0,1
1.003079,0,0,0,1
0.752667,0,0,1,0
-0.992254,0,1,0,0
1.639916,0,0,0,1
-1.105989,1,0,0,0
-1.885084,1,0,0,0
1.150860,0,0,0,1
1.076982,0,0,0,1
-0.877827,0,1,0,0
0.418725,0,0,1,0
1.906553,0,0,0,1
-0.638182,0,1,0,0
2.112358,0,0,0,1
0.647099,0,0,1,0
-0.897657,0,1,0,0
0.670928,0,0,1,0
0.172943,0,0,1,0
0.778364,0,0,1,0
-2.095359,1,0,0,0
1.304217,0,0,0,1
1.001220,0,0,0,1
0.780426,0,0,1,0
1.957586,0,0,0,1
0.145191,0,0,1,0
0.102336,0,0,1,0
0.032394,0,0,1,0
-0.512034,0,1,0,0
-1.037004,1,0,0,0
1.221745,0,0,0,1
0.094489,0,0,1,0
1.071958,0,0,0,1
0.100706,0,0,1,0
0.226763,0,0,1,0
-0.388010,0,1,0,0
0.487868,0,0,1,0
-0.303196,0,1,0,0
-0.686327,0,1,0,0
1.341588,0,0,0,1
-0.371118,0,1,0,0
0.008875,0,0,1,0
-2.183661,1,0,0,0
0.992951,0,0,1,0
-1.043503,1,0,0,0
-0.982574,0,1,0,0
-1.318681,1,0,0,0
0.965685,0,0,1,0
-1.804742,1,0,0,0
-1.681473,1,0,0,0
2.606982,0,0,0,1
1.593973,0,0,0,1
-1.895051,1,0,0,0
-0.372792,0,1,0,0
-0.155003,0,1,0,0
-0.513641,0,1,0,0
-0.109788,0,1,0,0
0.555643,0,0,1,0
0.576903,0,0,1,0
0.271203,0,0,1,0
-3.061570,1,0,0,0
-0.417216,0,1,0,0
-0.994229,0,1,0,0
-2.330675,1,0,0,0
-0.390486,0,1,0,0
-2.706526,1,0,0,0
2.884436,0,0,0,1
-2.679451,1,0,0,0
-0.544285,0,1,0,0
-1.117034,1,0,0,0
0.547306,0,0,1,0
-3.708153,1,0,0,0
-2.430099,1,0,0,0
5.876595,0,0,0,1
0.898550,0,0,1,0
-2.349435,1,0,0,0
2.723216,0,0,0,1
-0.713536,0,1,0,0
2.798187,0,0,0,1
1.980384,0,0,0,1
-0.641194,0,1,0,0
-3.151596,1,0,0,0
-0.850780,0,1,0,0
-1.322385,1,0,0,0
1.098189,0,0,0,1
-5.403694,1,0,0,0
-2.312966,1,0,0,0
-4.841599,1,0,0,0
7.155739,0,0,0,1
0.198780,0,0,1,0
-1.358313,1,0,0,0
2.276025,0,0,0,1
-1.417748,1,0,0,0
0.901098,0,0,1,0
-0.366208,0,1,0,0
-0.848862,0,1,0,0
1.410862,0,0,0,1
0.297827,0,0,1,0
-0.998556,0,1,0,0
0.366574,0,0,1,0
4.109543,0,0,0,1
1.275543,0,0,0,1
0.322044,0,0,1,0
-0.608054,0,1,0,0
-0.757894,0,1,0,0
-0.839837,0,1,0,0
1.262756,0,0,0,1
0.513397,0,0,1,0
1.740853,0,0,0,1
-0.677042,0,1,0,0
-0.833210,0,1,0,0
-0.224269,0,1,0,0
-1.249206,1,0,0,0
1.935688,0,0,0,1
-0.279028,0,1,0,0
-0.639083,0,1,0,0
0.653669,0,0,1,0
0.774105,0,0,1,0
-0.179988,0,1,0,0
-1.312994,1,0,0,0
-0.712668,0,1,0,0
-3.547476,1,0,0,0
-0.252971,0,1,0,0
-2.421650,1,0,0,0
-0.110978,0,1,0,0
0.219400,0,0,1,0
0.455114,0,0,1,0
-0.444898,0,1,0,0
1.127920,0,0,0,1
2.840327,0,0,0,1
3.234381,0,0,0,1
-0.372665,0,1,0,0
-3.395525,1,0,0,0
3.677139,0,0,0,1
0.190226,0,0,1,0
2.703570,0,0,0,1
1.202924,0,0,0,1
-0.757943,0,1,0,0
-0.493262,0,1,0,0
-0.361828,0,1,0,0
-3.611462,1,0,0,0
-3.112140,1,0,0,0
-0.251807,0,1,0,0
0.678664,0,0,1,0
2.153173,0,0,0,1
0.083430,0,0,1,0
0.406116,0,0,1,0
-1.406489,1,0,0,0
0.330178,0,0,1,0
1.132004,0,0,0,1
-0.048708,0,1,0,0
0.011840,0,0,1,0
0.538783,0,0,1,0
-0.488458,0,1,0,0
-0.935717,0,1,0,0
1.567329,0,0,0,1
0.090177,0,0,1,0
0.371913,0,0,1,0
1.385102,0,0,0,1
0.978209,0,0,1,0
-1.620251,1,0,0,0
-2.318860,1,0,0,0
0.481083,0,0,1,0
-0.373755,0,1,0,0
0.575511,0,0,1,0
0.932333,0,0,1,0
-0.965543,0,1,0,0
-0.402263,0,1,0,0
-3.506819,1,0,0,0
-0.999924,0,1,0,0
0.381992,0,0,1,0
-3.049329,1,0,0,0
1.072431,0,0,0,1
2.343895,0,0,0,1
1.276585,0,0,0,1
-0.639433,0,1,0,0
1.074523,0,0,0,1
-7.921557,1,0,0,0
2.388911,0,0,0,1
0.090989,0,0,1,0
1.590343,0,0,0,1
0.058392,0,0,1,0
0.684136,0,0,1,0
0.595055,0,0,1,0
-0.674893,0,1,0,0
-1.852918,1,0,0,0
-0.668119,0,1,0,0
-1.107994,1,0,0,0
3.983853,0,0,0,1
2.462502,0,0,0,1
0.843578,0,0,1,0
0.951616,0,0,1,0
0.683265,0,0,1,0
1.366608,0,0,0,1
-0.247678,0,1,0,0
0.769278,0,0,1,0
-1.088449,1,0,0,0
-0.041865,0,1,0,0
-1.427466,1,0,0,0
1.719951,0,0,0,1
-1.128008,1,0,0,0
0.560967,0,0,1,0
0.401345,0,0,1,0
-1.468644,1,0,0,0
-1.881096,1,0,0,0
1.068073,0,0,0,1
-0.002704,0,1,0,0
2.436995,0,0,0,1
0.687066,0,0,1,0
-0.178059,0,1,0,0
1.104269,0,0,0,1
-0.297634,0,1,0,0
-1.618600,1,0,0,0
0.898568,0,0,1,0
-1.550438,1,0,0,0
0.362796,0,0,1,0
0.316510,0,0,1,0
-0.607476,0,1,0,0
0.605802,0,0,1,0
-0.249146,0,1,0,0
-1.179269,1,0,0,0
2.302958,0,0,0,1
-0.072477,0,1,0,0
0.968834,0,0,1,0
0.233544,0,0,1,0
-0.006854,0,1,0,0
0.661428,0,0,1,0
0.260304,0,0,1,0
-0.407102,0,1,0,0
-0.315475,0,1,0,0
0.041219,0,0,1,0
-1.726064,1,0,0,0
0.336589,0,0,1,0
-0.686225,0,1,0,0
-1.259344,1,0,0,0
0.696612,0,0,1,0
-0.164285,0,1,0,0
1.912842,0,0,0,1
-0.318901,0,1,0,0
-1.250201,1,0,0,0
0.842386,0,0,1,0
-1.309819,1,0,0,0
1.386608,0,0,0,1
-1.460856,1,0,0,0
0.904751,0,0,1,0
0.825250,0,0,1,0
0.499472,0,0,1,0
0.474810,0,0,1,0
-0.230839,0,1,0,0
0.976685,0,0,1,0
-1.085242,1,0,0,0
-0.390497,0,1,0,0
0.489613,0,0,1,0
0.259546,0,0,1,0
0.375679,0,0,1,0
0.208097,0,0,1,0
1.391794,0,0,0,1
-0.295380,0,1,0,0
0.289970,0,0,1,0
0.759121,0,0,1,0
0.153121,0,0,1,0
-0.318655,0,1,0,0
0.634446,0,0,1,0
-0.122608,0,1,0,0
0.099747,0,0,1,0
-1.764211,1,0,0,0
-1.338340,1,0,0,0
1.608079,0,0,0,1
-0.033941,0,1,0,0
-5.356825,1,0,0,0
6.724777,0,0,0,1
0.175095,0,0,1,0
1.714151,0,0,0,1
-0.025286,0,1,0,0
1.098364,0,0,0,1
0.002351,0,0,1,0
0.586584,0,0,1,0
0.771449,0,0,1,0
0.314370,0,0,1,0
0.938563,0,0,1,0
0.260784,0,0,1,0
-0.132364,0,1,0,0
-0.271569,0,1,0,0
0.007874,0,0,1,0
1.117726,0,0,0,1
-0.470148,0,1,0,0
-0.819978,0,1,0,0
0.468120,0,0,1,0
0.741538,0,0,1,0
1.453132,0,0,0,1
1.230443,0,0,0,1
0.835213,0,0,1,0
0.498513,0,0,1,0
0.016051,0,0,1,0
0.104810,0,0,1,0
0.660801,0,0,1,0
-0.049228,0,1,0,0
0.530795,0,0,1,0
-0.256683,0,1,0,0
-0.086504,0,1,0,0
-0.159717,0,1,0,0
0.033098,0,0,1,0
-0.006905,0,1,0,0
-1.322460,1,0,0,0
-0.160727,0,1,0,0
2.510106,0,0,0,1
-0.374962,0,1,0,0
-0.339944,0,1,0,0
-0.785895,0,1,0,0
0.327595,0,0,1,0
-1.187579,1,0,0,0
0.797400,0,0,1,0
-0.995677,0,1,0,0
-1.475294,1,0,0,0
0.429690,0,0,1,0
0.941449,0,0,1,0
0.344271,0,0,1,0
-1.290009,1,0,0,0
-0.545439,0,1,0,0
1.434479,0,0,0,1
1.809737,0,0,0,1
0.335061,0,0,1,0
-0.506235,0,1,0,0
-1.690910,1,0,0,0
0.560571,0,0,1,0
-1.219443,1,0,0,0
0.019134,0,0,1,0
0.309288,0,0,1,0
-0.347435,0,1,0,0
0.511985,0,0,1,0
-0.525735,0,1,0,0
2.492426,0,0,0,1
0.413958,0,0,1,0
-1.131447,1,0,0,0
1.034358,0,0,0,1
-0.465332,0,1,0,0
-0.583590,0,1,0,0
0.085580,0,0,1,0
0.677154,0,0,1,0
-0.008102,0,1,0,0
-0.043386,0,1,0,0
-0.453873,0,1,0,0
-0.913050,0,1,0,0
0.060288,0,0,1,0
1.436001,0,0,0,1
0.883086,0,0,1,0
-0.488790,0,1,0,0
-0.462420,0,1,0,0
-0.180556,0,1,0,0
-0.465883,0,1,0,0
0.335259,0,0,1,0
1.480592,0,0,0,1
0.148642,0,0,1,0
-0.123512,0,1,0,0
-0.163794,0,1,0,0
0.065176,0,0,1,0
-0.349925,0,1,0,0
-0.336596,0,1,0,0
-2.130461,1,0,0,0
0.230706,0,0,1,0
0.928561,0,0,1,0
-1.437711,1,0,0,0
1.144443,0,0,0,1
0.076089,0,0,1,0
-0.802705,0,1,0,0
-0.807633,0,1,0,0
0.391188,0,0,1,0
-0.911228,0,1,0,0
0.271233,0,0,1,0
-1.400802,1,0,0,0
0.363339,0,0,1,0
0.713917,0,0,1,0
-0.266050,0,1,0,0
-1.041504,1,0,0,0
-0.677908,0,1,0,0
-0.494979,0,1,0,0
0.107053,0,0,1,0
0.345024,0,0,1,0
0.073889,0,0,1,0
-0.009272,0,1,0,0
1.032310,0,0,0,1
1.370143,0,0,0,1
1.077826,0,0,0,1
1.101190,0,0,0,1
-0.194721,0,1,0,0
-0.286356,0,1,0,0
0.592701,0,0,1,0
0.700031,0,0,1,0
2.314136,0,0,0,1
-0.264877,0,1,0,0
0.287708,0,0,1,0
0.308848,0,0,1,0
-0.389000,0,1,0,0
-0.070664,0,1,0,0
0.251490,0,0,1,0
-0.526809,0,1,0,0
-1.317300,1,0,0,0
0.188712,0,0,1,0
0.446739,0,0,1,0
-0.330313,0,1,0,0
0.661293,0,0,1,0
0.355318,0,0,1,0
-0.637411,0,1,0,0
-0.021687,0,1,0,0
-0.023984,0,1,0,0
-0.138629,0,1,0,0
1.065918,0,0,0,1
1.597430,0,0,0,1
-0.032011,0,1,0,0
-0.946515,0,1,0,0
0.023617,0,0,1,0
-0.377087,0,1,0,0
0.522370,0,0,1,0
-0.523052,0,1,0,0
-0.049376,0,1,0,0
-0.076540,0,1,0,0
-0.260010,0,1,0,0
0.561922,0,0,1,0
0.624222,0,0,1,0
0.810555,0,0,1,0
-0.452888,0,1,0,0
-0.140422,0,1,0,0
0.110192,0,0,1,0
0.102717,0,0,1,0
0.355972,0,0,1,0
-0.468130,0,1,0,0
0.446541,0,0,1,0
-0.924176,0,1,0,0
0.111669,0,0,1,0
-0.116930,0,1,0,0
0.246008,0,0,1,0
-0.436072,0,1,0,0
-0.324950,0,1,0,0
0.762155,0,0,1,0
0.570191,0,0,1,0
-0.480799,0,1,0,0
0.007113,0,0,1,0
0.094771,0,0,1,0
-0.591232,0,1,0,0
0.104747,0,0,1,0
0.618008,0,0,1,0
-0.222590,0,1,0,0
-0.617321,0,1,0,0
-0.102478,0,1,0,0
0.475871,0,0,1,0
0.147034,0,0,1,0
-0.596628,0,1,0,0
-0.173649,0,1,0,0
0.304185,0,0,1,0
0.471585,0,0,1,0
-0.252884,0,1,0,0
-0.384087,0,1,0,0
0.519040,0,0,1,0
-0.298570,0,1,0,0
-1.286751,1,0,0,0
-0.045447,0,1,0,0
-0.976397,0,1,0,0
1.106669,0,0,0,1
-0.121657,0,1,0,0
-0.135071,0,1,0,0
-1.178628,1,0,0,0
-0.396906,0,1,0,0
-0.047909,0,1,0,0
0.262078,0,0,1,0
-0.416118,0,1,0,0
0.510701,0,0,1,0
-0.013926,0,1,0,0
-0.449101,0,1,0,0
0.743643,0,0,1,0
0.716176,0,0,1,0
0.230225,0,0,1,0
-0.930457,0,1,0,0
-0.627629,0,1,0,0
-0.143609,0,1,0,0
0.199137,0,0,1,0
-0.627428,0,1,0,0
1.405716,0,0,0,1
1.181072,0,0,0,1
0.451044,0,0,1,0
-0.293876,0,1,0,0
0.515264,0,0,1,0
1.958265,0,0,0,1
0.054583,0,0,1,0
0.182268,0,0,1,0
-0.250799,0,1,0,0
0.498269,0,0,1,0
-0.330385,0,1,0,0
-0.310566,0,1,0,0
0.473964,0,0,1,0
-0.033541,0,1,0,0
0.218606,0,0,1,0
1.045504,0,0,0,1
0.061074,0,0,1,0
0.009213,0,0,1,0
0.301283,0,0,1,0
0.641828,0,0,1,0
0.277378,0,0,1,0
0.351756,0,0,1,0
0.956629,0,0,1,0
0.474498,0,0,1,0
0.379000,0,0,1,0
0.126226,0,0,1,0
0.400077,0,0,1,0
0.042526,0,0,1,0
1.113868,0,0,0,1
0.500167,0,0,1,0
-0.447375,0,1,0,0
0.148151,0,0,1,0
1.235845,0,0,0,1
0.014634,0,0,1,0
-0.000275,0,1,0,0
1.855706,0,0,0,1
0.530948,0,0,1,0
0.000000,0,0,0,0
0.040953,0,0,1,0
1.726290,0,0,0,1
-0.103670,0,1,0,0
-0.196865,0,1,0,0
-0.818984,0,1,0,0
-1.324563,1,0,0,0
-0.004381,0,1,0,0
-1.571445,1,0,0,0
1.465381,0,0,0,1
0.204382,0,0,1,0
-0.602948,0,1,0,0
0.695007,0,0,1,0
0.475855,0,0,1,0
0.122981,0,0,1,0
-0.243270,0,1,0,0
-0.043341,0,1,0,0
0.493453,0,0,1,0
0.565387,0,0,1,0
0.413943,0,0,1,0
-0.490245,0,1,0,0
-0.373359,0,1,0,0
-1.968589,1,0,0,0
1.447399,0,0,0,1
1.391459,0,0,0,1
0.559598,0,0,1,0
-0.316323,0,1,0,0
-0.472749,0,1,0,0
-0.279554,0,1,0,0
-0.622304,0,1,0,0
1.545450,0,0,0,1
-0.147454,0,1,0,0
0.103729,0,0,1,0
-0.111923,0,1,0,0
0.160325,0,0,1,0
0.159020,0,0,1,0
-0.202667,0,1,0,0
0.080906,0,0,1,0
-0.555320,0,1,0,0
-0.083572,0,1,0,0
4.766324,0,0,0,1
-0.259082,0,1,0,0
-0.326925,0,1,0,0
-0.238753,0,1,0,0
0.258142,0,0,1,0
0.999076,0,0,1,0
-0.348494,0,1,0,0
-0.439791,0,1,0,0
0.188068,0,0,1,0
0.034734,0,0,1,0
1.292476,0,0,0,1
-0.760114,0,1,0,0
-1.133167,1,0,0,0
-0.158894,0,1,0,0
-0.010752,0,1,0,0
-1.427755,1,0,0,0
-0.831538,0,1,0,0
1.679000,0,0,0,1
-0.900873,0,1,0,0
-2.545483,1,0,0,0
-4.725492,1,0,0,0
0.162557,0,0,1,0
1.134147,0,0,0,1
-2.321701,1,0,0,0
-0.645101,0,1,0,0
-0.426035,0,1,0,0
1.469264,0,0,0,1
1.189237,0,0,0,1
1.974936,0,0,0,1
-1.011825,1,0,0,0
0.208487,0,0,1,0
-1.066738,1,0,0,0
0.719252,0,0,1,0
1.191496,0,0,0,1
1.066320,0,0,0,1
-1.436450,1,0,0,0
-1.557757,1,0,0,0
-2.498703,1,0,0,0
-0.658829,0,1,0,0
1.785326,0,0,0,1
-0.770571,0,1,0,0
0.542752,0,0,1,0
0.473271,0,0,1,0
1.652740,0,0,0,1
0.660145,0,0,1,0
-0.868580,0,1,0,0
0.122422,0,0,1,0
-0.584479,0,1,0,0
-0.902403,0,1,0,0
-0.465203,0,1,0,0
0.986950,0,0,1,0
-4.511538,1,0,0,0
0.718989,0,0,1,0
2.654426,0,0,0,1
-1.341678,1,0,0,0
0.607521,0,0,1,0
1.395244,0,0,0,1
-0.306329,0,1,0,0
-0.450198,0,1,0,0
0.128036,0,0,1,0
1.528499,0,0,0,1
-0.359893,0,1,0,0
0.513458,0,0,1,0
0.535378,0,0,1,0
-0.491966,0,1,0,0
-0.123669,0,1,0,0
0.546904,0,0,1,0
0.260755,0,0,1,0
0.055234,0,0,1,0
1.421710,0,0,0,1
0.148841,0,0,1,0
-0.130410,0,1,0,0
-0.334809,0,1,0,0
0.860557,0,0,1,0
-0.281886,0,1,0,0
0.469447,0,0,1,0
0.664258,0,0,1,0
-0.003156,0,1,0,0
0.184844,0,0,1,0
-0.443423,0,1,0,0
0.394035,0,0,1,0
1.161482,0,0,0,1
0.471819,0,0,1,0
-0.209220,0,1,0,0
-0.441708,0,1,0,0
0.533246,0,0,1,0
0.402788,0,0,1,0
0.314037,0,0,1,0
-0.182717,0,1,0,0
-1.178552,1,0,0,0
-1.113854,1,0,0,0
0.061413,0,0,1,0
0.134965,0,0,1,0
-0.545615,0,1,0,0
-1.520277,1,0,0,0
0.832485,0,0,1,0
-0.137244,0,1,0,0
1.373799,0,0,0,1
0.282968,0,0,1,0
0.382401,0,0,1,0
0.873029,0,0,1,0
-0.564160,0,1,0,0
0.482668,0,0,1,0
0.325866,0,0,1,0
0.384780,0,0,1,0
-0.991760,0,1,0,0
0.497571,0,0,1,0
-0.750139,0,1,0,0
-1.771798,1,0,0,0
1.243124,0,0,0,1
0.610094,0,0,1,0
-0.776489,0,1,0,0
-0.793538,0,1,0,0
0.017233,0,0,1,0
-0.314343,0,1,0,0
-0.006191,0,1,0,0
0.153204,0,0,1,0
-2.208433,1,0,0,0
-0.120992,0,1,0,0
-0.314429,0,1,0,0
-0.783020,0,1,0,0
1.119184,0,0,0,1
1.211848,0,0,0,1
0.656221,0,0,1,0
-1.192418,1,0,0,0
1.166093,0,0,0,1
1.845094,0,0,0,1
0.000000,0,0,0,0
0.442573,0,0,1,0
0.426614,0,0,1,0
-0.129462,0,1,0,0
-0.293432,0,1,0,0
-1.325633,1,0,0,0
0.506721,0,0,1,0
0.460983,0,0,1,0
-0.121078,0,1,0,0
0.557319,0,0,1,0
-0.739277,0,1,0,0
0.039392,0,0,1,0
0.855639,0,0,1,0
-1.029468,1,0,0,0
0.056193,0,0,1,0
-0.079286,0,1,0,0
0.690531,0,0,1,0
-0.081322,0,1,0,0
-0.202788,0,1,0,0
-1.328902,1,0,0,0
-1.976181,1,0,0,0
2.281377,0,0,0,1
-0.679276,0,1,0,0
-0.054862,0,1,0,0
0.353018,0,0,1,0
-0.320519,0,1,0,0
0.093385,0,0,1,0
0.642763,0,0,1,0
0.215850,0,0,1,0
0.852040,0,0,1,0
0.875467,0,0,1,0
0.060659,0,0,1,0
0.152322,0,0,1,0
0.093133,0,0,1,0
-0.019019,0,1,0,0
-0.690000,0,1,0,0
-0.046154,0,1,0,0
-0.511393,0,1,0,0
-0.411369,0,1,0,0
-0.804337,0,1,0,0
0.296002,0,0,1,0
1.303350,0,0,0,1
-0.265082,0,1,0,0
0.958702,0,0,1,0
1.197782,0,0,0,1
1.411014,0,0,0,1
1.075895,0,0,0,1
0.010181,0,0,1,0
0.823656,0,0,1,0
0.294639,0,0,1,0
0.390678,0,0,1,0
-0.986315,0,1,0,0
1.358585,0,0,0,1
0.521229,0,0,1,0
0.102531,0,0,1,0
-0.657825,0,1,0,0
-0.561329,0,1,0,0
-0.800390,0,1,0,0
-1.321619,1,0,0,0
0.156154,0,0,1,0
-3.893381,1,0,0,0
0.459481,0,0,1,0
-1.865458,1,0,0,0
1.247971,0,0,0,1
1.294407,0,0,0,1
-0.801007,0,1,0,0
-0.556444,0,1,0,0
0.367211,0,0,1,0
-2.670996,1,0,0,0
0.365277,0,0,1,0
-3.722976,1,0,0,0
-0.395561,0,1,0,0
-0.164265,0,1,0,0
1.453859,0,0,0,1
2.158576,0,0,0,1
-1.062070,1,0,0,0
2.563716,0,0,0,1
-1.549520,1,0,0,0
0.853056,0,0,1,0
1.816186,0,0,0,1
-1.052478,1,0,0,0
0.088228,0,0,1,0
-2.062702,1,0,0,0
0.164879,0,0,1,0
-0.760491,0,1,0,0
0.649530,0,0,1,0
-1.090872,1,0,0,0
-0.350181,0,1,0,0
0.646339,0,0,1,0
0.764321,0,0,1,0
0.643684,0,0,1,0
1.023210,0,0,0,1
0.385895,0,0,1,0
0.397352,0,0,1,0
1.000844,0,0,0,1
-2.386333,1,0,0,0
-0.529681,0,1,0,0
-1.905674,1,0,0,0
0.823475,0,0,1,0
-2.118116,1,0,0,0
-0.336862,0,1,0,0
2.150227,0,0,0,1
0.988020,0,0,1,0
-2.023082,1,0,0,0
0.617786,0,0,1,0
-1.820030,1,0,0,0
-0.603962,0,1,0,0
-2.836583,1,0,0,0
-1.110162,1,0,0,0
-4.161068,1,0,0,0
3.883460,0,0,0,1
-0.313033,0,1,0,0
-2.262372,1,0,0,0
2.438456,0,0,0,1
0.823737,0,0,1,0
1.103846,0,0,0,1
-1.288779,1,0,0,0
0.971535,0,0,1,0
0.960672,0,0,1,0
-0.547494,0,1,0,0
-0.198019,0,1,0,0
1.292997,0,0,0,1
0.257716,0,0,1,0
-0.465362,0,1,0,0
-0.234105,0,1,0,0
0.966869,0,0,1,0
-0.599611,0,1,0,0
0.075745,0,0,1,0
-0.523123,0,1,0,0
1.055388,0,0,0,1
0.071728,0,0,1,0
0.458809,0,0,1,0
-0.188282,0,1,0,0
0.142059,0,0,1,0
-0.588200,0,1,0,0
-2.014861,1,0,0,0
2.611698,0,0,0,1
1.343303,0,0,0,1
-0.022557,0,1,0,0
-1.130952,1,0,0,0
1.823958,0,0,0,1
0.097740,0,0,1,0
0.604807,0,0,1,0
0.152767,0,0,1,0
-0.180396,0,1,0,0
0.479432,0,0,1,0
-0.366216,0,1,0,0
0.499404,0,0,1,0
-0.794886,0,1,0,0
1.017197,0,0,0,1
1.015381,0,0,0,1
-0.438821,0,1,0,0
-0.595909,0,1,0,0
-0.651952,0,1,0,0
-2.006194,1,0,0,0
0.473373,0,0,1,0
1.792180,0,0,0,1
-0.992617,0,1,0,0
-0.015128,0,1,0,0
0.769624,0,0,1,0
0.623054,0,0,1,0
-0.081773,0,1,0,0
0.195069,0,0,1,0
0.085242,0,0,1,0
-3.006521,1,0,0,0
2.151303,0,0,0,1
-0.231749,0,1,0,0
-1.613616,1,0,0,0
0.817974,0,0,1,0
1.429885,0,0,0,1
-0.017289,0,1,0,0
0.966740,0,0,1,0
0.054061,0,0,1,0
0.379981,0,0,1,0
-0.210247,0,1,0,0
0.188127,0,0,1,0
-0.527550,0,1,0,0
0.109789,0,0,1,0
0.733162,0,0,1,0
1.365072,0,0,0,1
0.237045,0,0,1,0
0.253404,0,0,1,0
-0.843217,0,1,0,0
0.578454,0,0,1,0
0.188316,0,0,1,0
-0.268378,0,1,0,0
0.484595,0,0,1,0
-0.218982,0,1,0,0
-1.505071,1,0,0,0
-1.464764,1,0,0,0
-0.927940,0,1,0,0
-0.267314,0,1,0,0
-0.719799,0,1,0,0
-0.585377,0,1,0,0
0.575919,0,0,1,0
-0.592679,0,1,0,0
0.888333,0,0,1,0
0.243014,0,0,1,0
-0.137459,0,1,0,0
0.051334,0,0,1,0
-0.621276,0,1,0,0
-0.160369,0,1,0,0
0.309507,0,0,1,0
0.366153,0,0,1,0
-1.207760,1,0,0,0
-0.289667,0,1,0,0
-1.629888,1,0,0,0
-0.923775,0,1,0,0
-0.011473,0,1,0,0
1.801014,0,0,0,1
-0.009918,0,1,0,0
0.532741,0,0,1,0
1.195654,0,0,0,1
0.330548,0,0,1,0
-0.351621,0,1,0,0
-0.462480,0,1,0,0
0.403626,0,0,1,0
0.033667,0,0,1,0
-0.716195,0,1,0,0
1.722039,0,0,0,1
0.604627,0,0,1,0
-0.951498,0,1,0,0
0.128652,0,0,1,0
-0.433053,0,1,0,0
-0.505906,0,1,0,0
1.193081,0,0,0,1
-0.291731,0,1,0,0
2.134106,0,0,0,1
0.111822,0,0,1,0
-0.533731,0,1,0,0
0.297110,0,0,1,0
0.202427,0,0,1,0
-0.975019,0,1,0,0
0.143031,0,0,1,0
-0.146857,0,1,0,0
0.511059,0,0,1,0
0.195768,0,0,1,0
-0.694693,0,1,0,0
-0.306801,0,1,0,0
-1.969984,1,0,0,0
1.999169,0,0,0,1
-0.233853,0,1,0,0
0.952952,0,0,1,0
0.410203,0,0,1,0
0.216404,0,0,1,0
-0.452279,0,1,0,0
-0.190919,0,1,0,0
0.427953,0,0,1,0
-0.864980,0,1,0,0
0.090425,0,0,1,0
-2.106821,1,0,0,0
-1.739784,1,0,0,0
-0.651432,0,1,0,0
-0.333976,0,1,0,0
0.374278,0,0,1,0
0.444176,0,0,1,0
-1.108933,1,0,0,0
0.976226,0,0,1,0
-1.207838,1,0,0,0
0.064493,0,0,1,0
0.706944,0,0,1,0
0.554684,0,0,1,0
-0.283647,0,1,0,0
0.045781,0,0,1,0
0.401883,0,0,1,0
-2.172145,1,0,0,0
0.962641,0,0,1,0
0.114097,0,0,1,0
-0.090287,0,1,0,0
1.189777,0,0,0,1
-0.406579,0,1,0,0
0.140402,0,0,1,0
2.115337,0,0,0,1
0.538894,0,0,1,0
0.560623,0,0,1,0
0.345615,0,0,1,0
0.961384,0,0,1,0
0.749381,0,0,1,0
1.050937,0,0,0,1
0.059265,0,0,1,0
-0.184577,0,1,0,0
0.381310,0,0,1,0
0.157140,0,0,1,0
0.089451,0,0,1,0
-0.356080,0,1,0,0
0.127564,0,0,1,0
-0.768042,0,1,0,0
-0.562462,0,1,0,0
0.594785,0,0,1,0
-0.487227,0,1,0,0
-2.005955,1,0,0,0
0.320775,0,0,1,0
-0.163236,0,1,0,0
0.994277,0,0,1,0
-0.608670,0,1,0,0
0.445553,0,0,1,0
1.145550,0,0,0,1
1.873225,0,0,0,1
1.196499,0,0,0,1
-0.093715,0,1,0,0
0.181813,0,0,1,0
0.249951,0,0,1,0
0.339176,0,0,1,0
0.553444,0,0,1,0
0.216306,0,0,1,0
0.295875,0,0,1,0
0.467311,0,0,1,0
-0.570258,0,1,0,0
0.367375,0,0,1,0
-0.332662,0,1,0,0
1.755830,0,0,0,1
0.222906,0,0,1,0
0.113715,0,0,1,0
0.263815,0,0,1,0
-0.256625,0,1,0,0
0.806494,0,0,1,0
-0.850938,0,1,0,0
-0.764663,0,1,0,0
,0,0,0,0